date,period,value,field,symbol
2008-03-01,2007-12-31,0.3479,roeWa,sh600519
2012-03-23,2011-12-31,0.4039,roeWa,sh600519
2019-07-13,2019-06-30,0.0,roeWa,sh600519
2007-04-28,2007-03-31,0.090219,roeWa,sh600519
2008-04-22,2008-03-31,0.100724,roeWa,sh600519
2009-04-21,2009-03-31,0.102675,roeWa,sh600519
2010-04-26,2010-03-31,0.083825,roeWa,sh600519
2011-04-23,2011-03-31,0.097411,roeWa,sh600519
2012-04-26,2012-03-31,0.112148,roeWa,sh600519
2013-04-18,2013-03-31,0.099958,roeWa,sh600519
2014-04-25,2014-03-31,0.083217,roeWa,sh600519
2015-04-21,2015-03-31,0.078494,roeWa,sh600519
2016-04-21,2016-03-31,0.073664,roeWa,sh600519
2017-04-25,2017-03-31,0.080614,roeWa,sh600519
2018-04-28,2018-03-31,0.088887,roeWa,sh600519
2019-04-25,2019-03-31,0.094737,roeWa,sh600519
2007-08-17,2007-06-30,0.13933,roeWa,sh600519
2008-08-28,2008-06-30,0.249968,roeWa,sh600519
2009-08-07,2009-06-30,0.230712,roeWa,sh600519
2010-08-12,2010-06-30,0.200545,roeWa,sh600519
2011-08-31,2011-06-30,0.248251,roeWa,sh600519
2012-08-10,2012-06-30,0.264847,roeWa,sh600519
2013-08-31,2013-06-30,0.210442,roeWa,sh600519
2014-08-29,2014-06-30,0.164503,roeWa,sh600519
2015-08-28,2015-06-30,0.137504,roeWa,sh600519
2016-08-27,2016-06-30,0.136576,roeWa,sh600519
2017-07-28,2017-06-30,0.15151,roeWa,sh600519
2018-08-02,2018-06-30,0.170563,roeWa,sh600519
2019-07-18,2019-06-30,0.175322,roeWa,sh600519
2007-10-23,2007-09-30,0.245863,roeWa,sh600519
2008-10-27,2008-09-30,0.33412,roeWa,sh600519
2009-10-24,2009-09-30,0.30073,roeWa,sh600519
2010-10-29,2010-09-30,0.260986,roeWa,sh600519
2011-10-18,2011-09-30,0.318919,roeWa,sh600519
2012-10-26,2012-09-30,0.370487,roeWa,sh600519
2013-10-16,2013-09-30,0.304543,roeWa,sh600519
2014-10-30,2014-09-30,0.234085,roeWa,sh600519
2015-10-23,2015-09-30,0.201709,roeWa,sh600519
2016-10-29,2016-09-30,0.188062,roeWa,sh600519
2017-10-26,2017-09-30,0.254166,roeWa,sh600519
2018-10-29,2018-09-30,0.25522,roeWa,sh600519
2019-10-16,2019-09-30,0.255819,roeWa,sh600519
2008-03-13,2007-12-31,0.395989,roeWa,sh600519
2009-03-25,2008-12-31,0.390117,roeWa,sh600519
2010-04-02,2009-12-31,0.335461,roeWa,sh600519
2011-03-21,2010-12-31,0.307393,roeWa,sh600519
2012-04-11,2011-12-31,0.403925,roeWa,sh600519
2013-03-29,2012-12-31,0.450047,roeWa,sh600519
2014-03-25,2013-12-31,0.394328,roeWa,sh600519
2015-04-21,2014-12-31,0.319612,roeWa,sh600519
2016-03-24,2015-12-31,0.264205,roeWa,sh600519
2017-04-15,2016-12-31,0.244385,roeWa,sh600519
2018-03-28,2017-12-31,0.329542,roeWa,sh600519
2019-03-29,2018-12-31,0.344644,roeWa,sh600519
2004-03-12,2003-12-31,0.25,YOYNI,sh600519
2012-03-23,2011-12-31,0.7349,YOYNI,sh600519
2013-01-25,2012-12-31,0.5,YOYNI,sh600519
2018-01-31,2017-12-31,0.58,YOYNI,sh600519
2020-01-02,2019-12-31,0.15,YOYNI,sh600519
2007-04-28,2007-03-31,0.243732,YOYNI,sh600519
2008-04-22,2008-03-31,0.633385,YOYNI,sh600519
2009-04-21,2009-03-31,0.394518,YOYNI,sh600519
2010-04-26,2010-03-31,0.051251,YOYNI,sh600519
2011-04-23,2011-03-31,0.481194,YOYNI,sh600519
2012-04-26,2012-03-31,0.571589,YOYNI,sh600519
2013-04-18,2013-03-31,0.205744,YOYNI,sh600519
2014-04-25,2014-03-31,0.047589,YOYNI,sh600519
2015-04-21,2015-03-31,0.170857,YOYNI,sh600519
2016-04-21,2016-03-31,0.126127,YOYNI,sh600519
2017-04-25,2017-03-31,0.255705,YOYNI,sh600519
2018-04-28,2018-03-31,0.395075,YOYNI,sh600519
2019-04-25,2019-03-31,0.305041,YOYNI,sh600519
2007-08-17,2007-06-30,0.482211,YOYNI,sh600519
2008-08-28,2008-06-30,1.630957,YOYNI,sh600519
2009-08-07,2009-06-30,0.245288,YOYNI,sh600519
2010-08-12,2010-06-30,0.11804,YOYNI,sh600519
2011-08-31,2011-06-30,0.577709,YOYNI,sh600519
2012-08-10,2012-06-30,0.422475,YOYNI,sh600519
2013-08-31,2013-06-30,0.037009,YOYNI,sh600519
2014-08-29,2014-06-30,0.005724,YOYNI,sh600519
2015-08-28,2015-06-30,0.091327,YOYNI,sh600519
2016-08-27,2016-06-30,0.121069,YOYNI,sh600519
2017-07-28,2017-06-30,0.284438,YOYNI,sh600519
2018-08-02,2018-06-30,0.40491,YOYNI,sh600519
2019-07-18,2019-06-30,0.25265,YOYNI,sh600519
2007-10-23,2007-09-30,0.579803,YOYNI,sh600519
2008-10-27,2008-09-30,0.979484,YOYNI,sh600519
2009-10-24,2009-09-30,0.204466,YOYNI,sh600519
2010-10-29,2010-09-30,0.108375,YOYNI,sh600519
2011-10-18,2011-09-30,0.571197,YOYNI,sh600519
2012-10-26,2012-09-30,0.578189,YOYNI,sh600519
2013-10-16,2013-09-30,0.066209,YOYNI,sh600519
2014-10-30,2014-09-30,-0.024565,YOYNI,sh600519
2015-10-23,2015-09-30,0.066027,YOYNI,sh600519
2016-10-29,2016-09-30,0.099235,YOYNI,sh600519
2017-10-26,2017-09-30,0.602488,YOYNI,sh600519
2018-10-29,2018-09-30,0.243892,YOYNI,sh600519
2019-10-16,2019-09-30,0.219821,YOYNI,sh600519
2008-03-13,2007-12-31,0.835002,YOYNI,sh600519
2009-03-25,2008-12-31,0.34885,YOYNI,sh600519
2010-04-02,2009-12-31,0.138006,YOYNI,sh600519
2011-03-21,2010-12-31,0.172829,YOYNI,sh600519
2012-04-11,2011-12-31,0.732348,YOYNI,sh600519
2013-03-29,2012-12-31,0.514374,YOYNI,sh600519
2014-03-25,2013-12-31,0.139662,YOYNI,sh600519
2015-04-21,2014-12-31,0.019071,YOYNI,sh600519
2016-03-24,2015-12-31,0.011409,YOYNI,sh600519
2017-04-15,2016-12-31,0.089678,YOYNI,sh600519
2018-03-28,2017-12-31,0.617701,YOYNI,sh600519
2019-03-29,2018-12-31,0.304181,YOYNI,sh600519
2007-04-28,2007-03-31,0.090219,pro.roeAvg,sh600519
2007-08-17,2007-06-30,0.13933,pro.roeAvg,sh600519
2007-10-23,2007-09-30,0.245863,pro.roeAvg,sh600519
2008-03-13,2007-12-31,0.395989,pro.roeAvg,sh600519
2008-04-22,2008-03-31,0.100724,pro.roeAvg,sh600519
2008-08-28,2008-06-30,0.249968,pro.roeAvg,sh600519
2008-10-27,2008-09-30,0.33412,pro.roeAvg,sh600519
2009-03-25,2008-12-31,0.390117,pro.roeAvg,sh600519
2009-04-21,2009-03-31,0.102675,pro.roeAvg,sh600519
2009-08-07,2009-06-30,0.230712,pro.roeAvg,sh600519
2009-10-24,2009-09-30,0.30073,pro.roeAvg,sh600519
2010-04-02,2009-12-31,0.335461,pro.roeAvg,sh600519
2010-04-26,2010-03-31,0.083825,pro.roeAvg,sh600519
2010-08-12,2010-06-30,0.200545,pro.roeAvg,sh600519
2010-10-29,2010-09-30,0.260986,pro.roeAvg,sh600519
2011-03-21,2010-12-31,0.307393,pro.roeAvg,sh600519
2011-04-23,2011-03-31,0.097411,pro.roeAvg,sh600519
2011-08-31,2011-06-30,0.248251,pro.roeAvg,sh600519
2011-10-18,2011-09-30,0.318919,pro.roeAvg,sh600519
2012-04-11,2011-12-31,0.403925,pro.roeAvg,sh600519
2012-04-26,2012-03-31,0.112148,pro.roeAvg,sh600519
2012-08-10,2012-06-30,0.264847,pro.roeAvg,sh600519
2012-10-26,2012-09-30,0.370487,pro.roeAvg,sh600519
2013-03-29,2012-12-31,0.450047,pro.roeAvg,sh600519
2013-04-18,2013-03-31,0.099958,pro.roeAvg,sh600519
2013-08-31,2013-06-30,0.210442,pro.roeAvg,sh600519
2013-10-16,2013-09-30,0.304543,pro.roeAvg,sh600519
2014-03-25,2013-12-31,0.394328,pro.roeAvg,sh600519
2014-04-25,2014-03-31,0.083217,pro.roeAvg,sh600519
2014-08-29,2014-06-30,0.164503,pro.roeAvg,sh600519
2014-10-30,2014-09-30,0.234085,pro.roeAvg,sh600519
2015-04-21,2014-12-31,0.319612,pro.roeAvg,sh600519
2015-04-21,2015-03-31,0.078494,pro.roeAvg,sh600519
2015-08-28,2015-06-30,0.137504,pro.roeAvg,sh600519
2015-10-23,2015-09-30,0.201709,pro.roeAvg,sh600519
2016-03-24,2015-12-31,0.264205,pro.roeAvg,sh600519
2016-04-21,2016-03-31,0.073664,pro.roeAvg,sh600519
2016-08-27,2016-06-30,0.136576,pro.roeAvg,sh600519
2016-10-29,2016-09-30,0.188062,pro.roeAvg,sh600519
2017-04-15,2016-12-31,0.244385,pro.roeAvg,sh600519
2017-04-25,2017-03-31,0.080614,pro.roeAvg,sh600519
2017-07-28,2017-06-30,0.15151,pro.roeAvg,sh600519
2017-10-26,2017-09-30,0.254166,pro.roeAvg,sh600519
2018-03-28,2017-12-31,0.329542,pro.roeAvg,sh600519
2018-04-28,2018-03-31,0.088887,pro.roeAvg,sh600519
2018-08-02,2018-06-30,0.170563,pro.roeAvg,sh600519
2018-10-29,2018-09-30,0.25522,pro.roeAvg,sh600519
2019-03-29,2018-12-31,0.344644,pro.roeAvg,sh600519
2019-04-25,2019-03-31,0.094737,pro.roeAvg,sh600519
2019-07-18,2019-06-30,0.175322,pro.roeAvg,sh600519
2019-10-16,2019-09-30,0.255819,pro.roeAvg,sh600519
2007-04-28,2007-03-31,0.353655,pro.npMargin,sh600519
2007-08-17,2007-06-30,0.340022,pro.npMargin,sh600519
2007-10-23,2007-09-30,0.374401,pro.npMargin,sh600519
2008-03-13,2007-12-31,0.409821,pro.npMargin,sh600519
2008-04-22,2008-03-31,0.46002,pro.npMargin,sh600519
2008-08-28,2008-06-30,0.509109,pro.npMargin,sh600519
2008-10-27,2008-09-30,0.509395,pro.npMargin,sh600519
2009-03-25,2008-12-31,0.48543,pro.npMargin,sh600519
2009-04-21,2009-03-31,0.508984,pro.npMargin,sh600519
2009-08-07,2009-06-30,0.528099,pro.npMargin,sh600519
2009-10-24,2009-09-30,0.509759,pro.npMargin,sh600519
2010-04-02,2009-12-31,0.470826,pro.npMargin,sh600519
2010-04-26,2010-03-31,0.442245,pro.npMargin,sh600519
2010-08-12,2010-06-30,0.497105,pro.npMargin,sh600519
2010-10-29,2010-09-30,0.47291,pro.npMargin,sh600519
2011-03-21,2010-12-31,0.459007,pro.npMargin,sh600519
2011-04-23,2011-03-31,0.471804,pro.npMargin,sh600519
2011-08-31,2011-06-30,0.525789,pro.npMargin,sh600519
2011-10-18,2011-09-30,0.50804,pro.npMargin,sh600519
2012-04-11,2011-12-31,0.502671,pro.npMargin,sh600519
2012-04-26,2012-03-31,0.520197,pro.npMargin,sh600519
2012-08-10,2012-06-30,0.554033,pro.npMargin,sh600519
2012-10-26,2012-09-30,0.54878,pro.npMargin,sh600519
2013-03-29,2012-12-31,0.529513,pro.npMargin,sh600519
2013-04-18,2013-03-31,0.526581,pro.npMargin,sh600519
2013-08-31,2013-06-30,0.539424,pro.npMargin,sh600519
2013-10-16,2013-09-30,0.531652,pro.npMargin,sh600519
2014-03-25,2013-12-31,0.516299,pro.npMargin,sh600519
2014-04-25,2014-03-31,0.530608,pro.npMargin,sh600519
2014-08-29,2014-06-30,0.535172,pro.npMargin,sh600519
2014-10-30,2014-09-30,0.523786,pro.npMargin,sh600519
2015-04-21,2014-12-31,0.515279,pro.npMargin,sh600519
2015-04-21,2015-03-31,0.541687,pro.npMargin,sh600519
2015-08-28,2015-06-30,0.530116,pro.npMargin,sh600519
2015-10-23,2015-09-30,0.523865,pro.npMargin,sh600519
2016-03-24,2015-12-31,0.503834,pro.npMargin,sh600519
2016-04-21,2016-03-31,0.521795,pro.npMargin,sh600519
2016-08-27,2016-06-30,0.51599,pro.npMargin,sh600519
2016-10-29,2016-09-30,0.500535,pro.npMargin,sh600519
2017-04-15,2016-12-31,0.46139,pro.npMargin,sh600519
2017-04-25,2017-03-31,0.491773,pro.npMargin,sh600519
2017-07-28,2017-06-30,0.497909,pro.npMargin,sh600519
2017-10-26,2017-09-30,0.503209,pro.npMargin,sh600519
2018-03-28,2017-12-31,0.498239,pro.npMargin,sh600519
2018-04-28,2018-03-31,0.522756,pro.npMargin,sh600519
2018-08-02,2018-06-30,0.506677,pro.npMargin,sh600519
2018-10-29,2018-09-30,0.508624,pro.npMargin,sh600519
2019-03-29,2018-12-31,0.513718,pro.npMargin,sh600519
2019-04-25,2019-03-31,0.550532,pro.npMargin,sh600519
2019-07-18,2019-06-30,0.536787,pro.npMargin,sh600519
2019-10-16,2019-09-30,0.531919,pro.npMargin,sh600519
2007-04-28,2007-03-31,0.850268,pro.gpMargin,sh600519
2007-08-17,2007-06-30,0.851958,pro.gpMargin,sh600519
2007-10-23,2007-09-30,0.851373,pro.gpMargin,sh600519
2008-03-13,2007-12-31,0.879565,pro.gpMargin,sh600519
2008-04-22,2008-03-31,0.899267,pro.gpMargin,sh600519
2008-08-28,2008-06-30,0.904311,pro.gpMargin,sh600519
2008-10-27,2008-09-30,0.905197,pro.gpMargin,sh600519
2009-03-25,2008-12-31,0.902967,pro.gpMargin,sh600519
2009-04-21,2009-03-31,0.899923,pro.gpMargin,sh600519
2009-08-07,2009-06-30,0.904144,pro.gpMargin,sh600519
2009-10-24,2009-09-30,0.904805,pro.gpMargin,sh600519
2010-04-02,2009-12-31,0.901688,pro.gpMargin,sh600519
2010-04-26,2010-03-31,0.90283,pro.gpMargin,sh600519
2010-08-12,2010-06-30,0.913592,pro.gpMargin,sh600519
2010-10-29,2010-09-30,0.91195,pro.gpMargin,sh600519
2011-03-21,2010-12-31,0.90949,pro.gpMargin,sh600519
2011-04-23,2011-03-31,0.907107,pro.gpMargin,sh600519
2011-08-31,2011-06-30,0.913995,pro.gpMargin,sh600519
2011-10-18,2011-09-30,0.915273,pro.gpMargin,sh600519
2012-04-11,2011-12-31,0.915705,pro.gpMargin,sh600519
2012-04-26,2012-03-31,0.919871,pro.gpMargin,sh600519
2012-08-10,2012-06-30,0.920114,pro.gpMargin,sh600519
2012-10-26,2012-09-30,0.918276,pro.gpMargin,sh600519
2013-03-29,2012-12-31,0.922726,pro.gpMargin,sh600519
2013-04-18,2013-03-31,0.932859,pro.gpMargin,sh600519
2013-08-31,2013-06-30,0.933991,pro.gpMargin,sh600519
2013-10-16,2013-09-30,0.934314,pro.gpMargin,sh600519
2014-03-25,2013-12-31,0.929049,pro.gpMargin,sh600519
2014-04-25,2014-03-31,0.931953,pro.gpMargin,sh600519
2014-08-29,2014-06-30,0.931045,pro.gpMargin,sh600519
2014-10-30,2014-09-30,0.926637,pro.gpMargin,sh600519
2015-04-21,2014-12-31,0.925934,pro.gpMargin,sh600519
2015-04-21,2015-03-31,0.932142,pro.gpMargin,sh600519
2015-08-28,2015-06-30,0.92611,pro.gpMargin,sh600519
2015-10-23,2015-09-30,0.924529,pro.gpMargin,sh600519
2016-03-24,2015-12-31,0.922279,pro.gpMargin,sh600519
2016-04-21,2016-03-31,0.923414,pro.gpMargin,sh600519
2016-08-27,2016-06-30,0.918814,pro.gpMargin,sh600519
2016-10-29,2016-09-30,0.916439,pro.gpMargin,sh600519
2017-04-15,2016-12-31,0.912251,pro.gpMargin,sh600519
2017-04-25,2017-03-31,0.911561,pro.gpMargin,sh600519
2017-07-28,2017-06-30,0.896187,pro.gpMargin,sh600519
2017-10-26,2017-09-30,0.899331,pro.gpMargin,sh600519
2018-03-28,2017-12-31,0.897962,pro.gpMargin,sh600519
2018-04-28,2018-03-31,0.913055,pro.gpMargin,sh600519
2018-08-02,2018-06-30,0.909421,pro.gpMargin,sh600519
2018-10-29,2018-09-30,0.911238,pro.gpMargin,sh600519
2019-03-29,2018-12-31,0.91142,pro.gpMargin,sh600519
2019-04-25,2019-03-31,0.921113,pro.gpMargin,sh600519
2019-07-18,2019-06-30,0.918668,pro.gpMargin,sh600519
2019-10-16,2019-09-30,0.914894,pro.gpMargin,sh600519
2007-04-28,2007-03-31,561440706.1,pro.netProfit,sh600519
2007-08-17,2007-06-30,893948241.41,pro.netProfit,sh600519
2007-10-23,2007-09-30,1669221956.18,pro.netProfit,sh600519
2008-03-13,2007-12-31,2966052508.95,pro.netProfit,sh600519
2008-04-22,2008-03-31,917048744.59,pro.netProfit,sh600519
2008-08-28,2008-06-30,2351939273.63,pro.netProfit,sh600519
2008-10-27,2008-09-30,3304198781.0,pro.netProfit,sh600519
2009-03-25,2008-12-31,4000759343.11,pro.netProfit,sh600519
2009-04-21,2009-03-31,1278840567.82,pro.netProfit,sh600519
2009-08-07,2009-06-30,2928842256.25,pro.netProfit,sh600519
2009-10-24,2009-09-30,3979795618.2,pro.netProfit,sh600519
2010-04-02,2009-12-31,4552888944.0,pro.netProfit,sh600519
2010-04-26,2010-03-31,1344382797.81,pro.netProfit,sh600519
2010-08-12,2010-06-30,3274562600.07,pro.netProfit,sh600519
2010-10-29,2010-09-30,4411104477.83,pro.netProfit,sh600519
2011-03-21,2010-12-31,5339761496.97,pro.netProfit,sh600519
2011-04-23,2011-03-31,1991291329.64,pro.netProfit,sh600519
2011-08-31,2011-06-30,5166306192.53,pro.netProfit,sh600519
2011-10-18,2011-09-30,6930714312.61,pro.netProfit,sh600519
2012-04-11,2011-12-31,9250323807.62,pro.netProfit,sh600519
2012-04-26,2012-03-31,3129490790.74,pro.netProfit,sh600519
2012-08-10,2012-06-30,7348939538.55,pro.netProfit,sh600519
2012-10-26,2012-09-30,10937979773.7,pro.netProfit,sh600519
2013-03-29,2012-12-31,14008450702.17,pro.netProfit,sh600519
2013-04-18,2013-03-31,3773363242.99,pro.netProfit,sh600519
2013-08-31,2013-06-30,7620914791.31,pro.netProfit,sh600519
2013-10-16,2013-09-30,11662175309.98,pro.netProfit,sh600519
2014-03-25,2013-12-31,15964899881.05,pro.netProfit,sh600519
2014-04-25,2014-03-31,3952933461.0,pro.netProfit,sh600519
2014-08-29,2014-06-30,7664538017.59,pro.netProfit,sh600519
2014-10-30,2014-09-30,11375689707.88,pro.netProfit,sh600519
2015-04-21,2014-12-31,16269371509.83,pro.netProfit,sh600519
2015-04-21,2015-03-31,4628320416.91,pro.netProfit,sh600519
2015-08-28,2015-06-30,8364520508.61,pro.netProfit,sh600519
2015-10-23,2015-09-30,12126789326.87,pro.netProfit,sh600519
2016-03-24,2015-12-31,16454996625.22,pro.netProfit,sh600519
2016-04-21,2016-03-31,5212078652.48,pro.netProfit,sh600519
2016-08-27,2016-06-30,9377202963.15,pro.netProfit,sh600519
2016-10-29,2016-09-30,13330191781.89,pro.netProfit,sh600519
2017-04-15,2016-12-31,17930643109.88,pro.netProfit,sh600519
2017-04-25,2017-03-31,6544833459.07,pro.netProfit,sh600519
2017-07-28,2017-06-30,12044438696.03,pro.netProfit,sh600519
2017-10-26,2017-09-30,21361469066.81,pro.netProfit,sh600519
2018-03-28,2017-12-31,29006423236.0,pro.netProfit,sh600519
2018-04-28,2018-03-31,9130535753.3,pro.netProfit,sh600519
2018-08-02,2018-06-30,16921352445.58,pro.netProfit,sh600519
2018-10-29,2018-09-30,26571354958.67,pro.netProfit,sh600519
2019-03-29,2018-12-31,37829617756.81,pro.netProfit,sh600519
2019-04-25,2019-03-31,11915721111.34,pro.netProfit,sh600519
2019-07-18,2019-06-30,21196527550.11,pro.netProfit,sh600519
2019-10-16,2019-09-30,32412303335.96,pro.netProfit,sh600519
2007-04-28,2007-03-31,1.746599,pro.epsTTM,sh600519
2007-08-17,2007-06-30,1.928869,pro.epsTTM,sh600519
2007-10-23,2007-09-30,2.252913,pro.epsTTM,sh600519
2008-03-13,2007-12-31,2.999398,pro.epsTTM,sh600519
2008-04-22,2008-03-31,3.356758,pro.epsTTM,sh600519
2008-08-28,2008-06-30,4.471995,pro.epsTTM,sh600519
2008-10-27,2008-09-30,4.646213,pro.epsTTM,sh600519
2009-03-25,2008-12-31,4.025726,pro.epsTTM,sh600519
2009-04-21,2009-03-31,4.389845,pro.epsTTM,sh600519
2009-08-07,2009-06-30,4.609235,pro.epsTTM,sh600519
2009-10-24,2009-09-30,4.706159,pro.epsTTM,sh600519
2010-04-02,2009-12-31,4.569237,pro.epsTTM,sh600519
2010-04-26,2010-03-31,4.620787,pro.epsTTM,sh600519
2010-08-12,2010-06-30,4.897147,pro.epsTTM,sh600519
2010-10-29,2010-09-30,4.979518,pro.epsTTM,sh600519
2011-03-21,2010-12-31,5.351975,pro.epsTTM,sh600519
2011-04-23,2011-03-31,6.007127,pro.epsTTM,sh600519
2011-08-31,2011-06-30,7.267021,pro.epsTTM,sh600519
2011-10-18,2011-09-30,7.172268,pro.epsTTM,sh600519
2012-04-11,2011-12-31,8.440873,pro.epsTTM,sh600519
2012-04-26,2012-03-31,9.486184,pro.epsTTM,sh600519
2012-08-10,2012-06-30,10.45261,pro.epsTTM,sh600519
2012-10-26,2012-09-30,12.150225,pro.epsTTM,sh600519
2013-03-29,2012-12-31,12.818663,pro.epsTTM,sh600519
2013-04-18,2013-03-31,13.419602,pro.epsTTM,sh600519
2013-08-31,2013-06-30,13.06161,pro.epsTTM,sh600519
2013-10-16,2013-09-30,13.444889,pro.epsTTM,sh600519
2014-03-25,2013-12-31,14.579976,pro.epsTTM,sh600519
2014-04-25,2014-03-31,14.682356,pro.epsTTM,sh600519
2014-08-29,2014-06-30,13.238682,pro.epsTTM,sh600519
2014-10-30,2014-09-30,12.924519,pro.epsTTM,sh600519
2015-04-21,2014-12-31,13.441183,pro.epsTTM,sh600519
2015-04-21,2015-03-31,14.023947,pro.epsTTM,sh600519
2015-08-28,2015-06-30,14.017698,pro.epsTTM,sh600519
2015-10-23,2015-09-30,12.801418,pro.epsTTM,sh600519
2016-03-24,2015-12-31,12.341281,pro.epsTTM,sh600519
2016-04-21,2016-03-31,12.758707,pro.epsTTM,sh600519
2016-08-27,2016-06-30,13.069196,pro.epsTTM,sh600519
2016-10-29,2016-09-30,13.169925,pro.epsTTM,sh600519
2017-04-15,2016-12-31,13.308702,pro.epsTTM,sh600519
2017-04-25,2017-03-31,14.290911,pro.epsTTM,sh600519
2017-07-28,2017-06-30,15.257618,pro.epsTTM,sh600519
2017-10-26,2017-09-30,19.293643,pro.epsTTM,sh600519
2018-03-28,2017-12-31,21.556605,pro.epsTTM,sh600519
2018-04-28,2018-03-31,23.454226,pro.epsTTM,sh600519
2018-08-02,2018-06-30,25.149451,pro.epsTTM,sh600519
2018-10-29,2018-09-30,25.337623,pro.epsTTM,sh600519
2019-03-29,2018-12-31,28.023951,pro.epsTTM,sh600519
2019-04-25,2019-03-31,30.184856,pro.epsTTM,sh600519
2019-07-18,2019-06-30,31.356897,pro.epsTTM,sh600519
2019-10-16,2019-09-30,32.578411,pro.epsTTM,sh600519
2007-04-28,2007-03-31,0.050344,gr.yoyEquity,sh600519
2007-08-17,2007-06-30,0.226323,gr.yoyEquity,sh600519
2007-10-23,2007-09-30,0.286379,gr.yoyEquity,sh600519
2008-03-13,2007-12-31,0.357997,gr.yoyEquity,sh600519
2008-04-22,2008-03-31,0.564718,gr.yoyEquity,sh600519
2008-08-28,2008-06-30,0.578892,gr.yoyEquity,sh600519
2008-10-27,2008-09-30,0.540443,gr.yoyEquity,sh600519
2009-03-25,2008-12-31,0.365609,gr.yoyEquity,sh600519
2009-04-21,2009-03-31,0.368277,gr.yoyEquity,sh600519
2009-08-07,2009-06-30,0.336524,gr.yoyEquity,sh600519
2009-10-24,2009-09-30,0.316383,gr.yoyEquity,sh600519
2010-04-02,2009-12-31,0.286486,gr.yoyEquity,sh600519
2010-04-26,2010-03-31,0.262412,gr.yoyEquity,sh600519
2010-08-12,2010-06-30,0.270672,gr.yoyEquity,sh600519
2010-10-29,2010-09-30,0.256897,gr.yoyEquity,sh600519
2011-03-21,2010-12-31,0.271865,gr.yoyEquity,sh600519
2011-04-23,2011-03-31,0.289297,gr.yoyEquity,sh600519
2011-08-31,2011-06-30,0.285023,gr.yoyEquity,sh600519
2011-10-18,2011-09-30,0.301075,gr.yoyEquity,sh600519
2012-04-11,2011-12-31,0.358307,gr.yoyEquity,sh600519
2012-04-26,2012-03-31,0.37853,gr.yoyEquity,sh600519
2012-08-10,2012-06-30,0.317105,gr.yoyEquity,sh600519
2012-10-26,2012-09-30,0.371199,gr.yoyEquity,sh600519
2013-03-29,2012-12-31,0.366468,gr.yoyEquity,sh600519
2013-04-18,2013-03-31,0.349865,gr.yoyEquity,sh600519
2013-08-31,2013-06-30,0.247733,gr.yoyEquity,sh600519
2013-10-16,2013-09-30,0.233254,gr.yoyEquity,sh600519
2014-03-25,2013-12-31,0.248101,gr.yoyEquity,sh600519
2014-04-25,2014-03-31,0.226397,gr.yoyEquity,sh600519
2014-08-29,2014-06-30,0.303556,gr.yoyEquity,sh600519
2014-10-30,2014-09-30,0.264321,gr.yoyEquity,sh600519
2015-04-21,2014-12-31,0.253581,gr.yoyEquity,sh600519
2015-04-21,2015-03-31,0.248403,gr.yoyEquity,sh600519
2015-08-28,2015-06-30,0.353982,gr.yoyEquity,sh600519
2015-10-23,2015-09-30,0.227891,gr.yoyEquity,sh600519
2016-03-24,2015-12-31,0.196435,gr.yoyEquity,sh600519
2016-04-21,2016-03-31,0.190933,gr.yoyEquity,sh600519
2016-08-27,2016-06-30,0.05994,gr.yoyEquity,sh600519
2016-10-29,2016-09-30,0.14695,gr.yoyEquity,sh600519
2017-04-15,2016-12-31,0.14029,gr.yoyEquity,sh600519
2017-04-25,2017-03-31,0.148201,gr.yoyEquity,sh600519
2017-07-28,2017-06-30,0.163803,gr.yoyEquity,sh600519
2017-10-26,2017-09-30,0.228916,gr.yoyEquity,sh600519
2018-03-28,2017-12-31,0.25458,gr.yoyEquity,sh600519
2018-04-28,2018-03-31,0.265006,gr.yoyEquity,sh600519
2018-08-02,2018-06-30,0.235049,gr.yoyEquity,sh600519
2018-10-29,2018-09-30,0.21354,gr.yoyEquity,sh600519
2019-03-29,2018-12-31,0.233862,gr.yoyEquity,sh600519
2019-04-25,2019-03-31,0.2411,gr.yoyEquity,sh600519
2019-07-18,2019-06-30,0.22867,gr.yoyEquity,sh600519
2019-10-16,2019-09-30,0.223588,gr.yoyEquity,sh600519
2007-04-28,2007-03-31,0.219704,gr.yoyAsset,sh600519
2007-08-17,2007-06-30,0.311168,gr.yoyAsset,sh600519
2007-10-23,2007-09-30,0.157586,gr.yoyAsset,sh600519
2008-03-13,2007-12-31,0.095152,gr.yoyAsset,sh600519
2008-04-22,2008-03-31,0.169333,gr.yoyAsset,sh600519
2008-08-28,2008-06-30,0.102588,gr.yoyAsset,sh600519
2008-10-27,2008-09-30,0.274201,gr.yoyAsset,sh600519
2009-03-25,2008-12-31,0.503051,gr.yoyAsset,sh600519
2009-04-21,2009-03-31,0.352052,gr.yoyAsset,sh600519
2009-08-07,2009-06-30,0.416603,gr.yoyAsset,sh600519
2009-10-24,2009-09-30,0.28858,gr.yoyAsset,sh600519
2010-04-02,2009-12-31,0.254881,gr.yoyAsset,sh600519
2010-04-26,2010-03-31,0.307484,gr.yoyAsset,sh600519
2010-08-12,2010-06-30,0.335555,gr.yoyAsset,sh600519
2010-10-29,2010-09-30,0.362774,gr.yoyAsset,sh600519
2011-03-21,2010-12-31,0.294288,gr.yoyAsset,sh600519
2011-04-23,2011-03-31,0.427389,gr.yoyAsset,sh600519
2011-08-31,2011-06-30,0.449348,gr.yoyAsset,sh600519
2011-10-18,2011-09-30,0.442096,gr.yoyAsset,sh600519
2012-04-11,2011-12-31,0.363977,gr.yoyAsset,sh600519
2012-04-26,2012-03-31,0.248473,gr.yoyAsset,sh600519
2012-08-10,2012-06-30,0.284323,gr.yoyAsset,sh600519
2012-10-26,2012-09-30,0.180597,gr.yoyAsset,sh600519
2013-03-29,2012-12-31,0.289315,gr.yoyAsset,sh600519
2013-04-18,2013-03-31,0.260787,gr.yoyAsset,sh600519
2013-08-31,2013-06-30,0.098442,gr.yoyAsset,sh600519
2013-10-16,2013-09-30,0.268819,gr.yoyAsset,sh600519
2014-03-25,2013-12-31,0.232364,gr.yoyAsset,sh600519
2014-04-25,2014-03-31,0.22063,gr.yoyAsset,sh600519
2014-08-29,2014-06-30,0.26587,gr.yoyAsset,sh600519
2014-10-30,2014-09-30,0.190304,gr.yoyAsset,sh600519
2015-04-21,2014-12-31,0.187885,gr.yoyAsset,sh600519
2015-04-21,2015-03-31,0.227369,gr.yoyAsset,sh600519
2015-08-28,2015-06-30,0.310036,gr.yoyAsset,sh600519
2015-10-23,2015-09-30,0.32237,gr.yoyAsset,sh600519
2016-03-24,2015-12-31,0.310116,gr.yoyAsset,sh600519
2016-04-21,2016-03-31,0.318769,gr.yoyAsset,sh600519
2016-08-27,2016-06-30,0.320839,gr.yoyAsset,sh600519
2016-10-29,2016-09-30,0.35569,gr.yoyAsset,sh600519
2017-04-15,2016-12-31,0.308605,gr.yoyAsset,sh600519
2017-04-25,2017-03-31,0.311921,gr.yoyAsset,sh600519
2017-07-28,2017-06-30,0.259939,gr.yoyAsset,sh600519
2017-10-26,2017-09-30,0.215263,gr.yoyAsset,sh600519
2018-03-28,2017-12-31,0.19193,gr.yoyAsset,sh600519
2018-04-28,2018-03-31,0.129655,gr.yoyAsset,sh600519
2018-08-02,2018-06-30,0.079182,gr.yoyAsset,sh600519
2018-10-29,2018-09-30,0.15157,gr.yoyAsset,sh600519
2019-03-29,2018-12-31,0.187479,gr.yoyAsset,sh600519
2019-04-25,2019-03-31,0.1896,gr.yoyAsset,sh600519
2019-07-18,2019-06-30,0.270999,gr.yoyAsset,sh600519
2019-10-16,2019-09-30,0.104675,gr.yoyAsset,sh600519
2007-04-28,2007-03-31,0.243732,gr.yoyNI,sh600519
2007-08-17,2007-06-30,0.482211,gr.yoyNI,sh600519
2007-10-23,2007-09-30,0.579803,gr.yoyNI,sh600519
2008-03-13,2007-12-31,0.835002,gr.yoyNI,sh600519
2008-04-22,2008-03-31,0.633385,gr.yoyNI,sh600519
2008-08-28,2008-06-30,1.630957,gr.yoyNI,sh600519
2008-10-27,2008-09-30,0.979484,gr.yoyNI,sh600519
2009-03-25,2008-12-31,0.34885,gr.yoyNI,sh600519
2009-04-21,2009-03-31,0.394518,gr.yoyNI,sh600519
2009-08-07,2009-06-30,0.245288,gr.yoyNI,sh600519
2009-10-24,2009-09-30,0.204466,gr.yoyNI,sh600519
2010-04-02,2009-12-31,0.138006,gr.yoyNI,sh600519
2010-04-26,2010-03-31,0.051251,gr.yoyNI,sh600519
2010-08-12,2010-06-30,0.11804,gr.yoyNI,sh600519
2010-10-29,2010-09-30,0.108375,gr.yoyNI,sh600519
2011-03-21,2010-12-31,0.172829,gr.yoyNI,sh600519
2011-04-23,2011-03-31,0.481194,gr.yoyNI,sh600519
2011-08-31,2011-06-30,0.577709,gr.yoyNI,sh600519
2011-10-18,2011-09-30,0.571197,gr.yoyNI,sh600519
2012-04-11,2011-12-31,0.732348,gr.yoyNI,sh600519
2012-04-26,2012-03-31,0.571589,gr.yoyNI,sh600519
2012-08-10,2012-06-30,0.422475,gr.yoyNI,sh600519
2012-10-26,2012-09-30,0.578189,gr.yoyNI,sh600519
2013-03-29,2012-12-31,0.514374,gr.yoyNI,sh600519
2013-04-18,2013-03-31,0.205744,gr.yoyNI,sh600519
2013-08-31,2013-06-30,0.037009,gr.yoyNI,sh600519
2013-10-16,2013-09-30,0.066209,gr.yoyNI,sh600519
2014-03-25,2013-12-31,0.139662,gr.yoyNI,sh600519
2014-04-25,2014-03-31,0.047589,gr.yoyNI,sh600519
2014-08-29,2014-06-30,0.005724,gr.yoyNI,sh600519
2014-10-30,2014-09-30,-0.024565,gr.yoyNI,sh600519
2015-04-21,2014-12-31,0.019071,gr.yoyNI,sh600519
2015-04-21,2015-03-31,0.170857,gr.yoyNI,sh600519
2015-08-28,2015-06-30,0.091327,gr.yoyNI,sh600519
2015-10-23,2015-09-30,0.066027,gr.yoyNI,sh600519
2016-03-24,2015-12-31,0.011409,gr.yoyNI,sh600519
2016-04-21,2016-03-31,0.126127,gr.yoyNI,sh600519
2016-08-27,2016-06-30,0.121069,gr.yoyNI,sh600519
2016-10-29,2016-09-30,0.099235,gr.yoyNI,sh600519
2017-04-15,2016-12-31,0.089678,gr.yoyNI,sh600519
2017-04-25,2017-03-31,0.255705,gr.yoyNI,sh600519
2017-07-28,2017-06-30,0.284438,gr.yoyNI,sh600519
2017-10-26,2017-09-30,0.602488,gr.yoyNI,sh600519
2018-03-28,2017-12-31,0.617701,gr.yoyNI,sh600519
2018-04-28,2018-03-31,0.395075,gr.yoyNI,sh600519
2018-08-02,2018-06-30,0.40491,gr.yoyNI,sh600519
2018-10-29,2018-09-30,0.243892,gr.yoyNI,sh600519
2019-03-29,2018-12-31,0.304181,gr.yoyNI,sh600519
2019-04-25,2019-03-31,0.305041,gr.yoyNI,sh600519
2019-07-18,2019-06-30,0.25265,gr.yoyNI,sh600519
2019-10-16,2019-09-30,0.219821,gr.yoyNI,sh600519
2007-04-28,2007-03-31,-0.380435,gr.yoyEPS,sh600519
2007-08-17,2007-06-30,0.47541,gr.yoyEPS,sh600519
2007-10-23,2007-09-30,0.579439,gr.yoyEPS,sh600519
2008-03-13,2007-12-31,0.829268,gr.yoyEPS,sh600519
2008-04-22,2008-03-31,0.631579,gr.yoyEPS,sh600519
2008-08-28,2008-06-30,1.633333,gr.yoyEPS,sh600519
2008-10-27,2008-09-30,0.970414,gr.yoyEPS,sh600519
2009-03-25,2008-12-31,0.343333,gr.yoyEPS,sh600519
2009-04-21,2009-03-31,0.387097,gr.yoyEPS,sh600519
2009-08-07,2009-06-30,0.248945,gr.yoyEPS,sh600519
2009-10-24,2009-09-30,0.204204,gr.yoyEPS,sh600519
2010-04-02,2009-12-31,0.133995,gr.yoyEPS,sh600519
2010-04-26,2010-03-31,0.03876,gr.yoyEPS,sh600519
2010-08-12,2010-06-30,0.108108,gr.yoyEPS,sh600519
2010-10-29,2010-09-30,0.102244,gr.yoyEPS,sh600519
2011-03-21,2010-12-31,0.170678,gr.yoyEPS,sh600519
2011-04-23,2011-03-31,0.492537,gr.yoyEPS,sh600519
2011-08-31,2011-06-30,0.585366,gr.yoyEPS,sh600519
2011-10-18,2011-09-30,0.574627,gr.yoyEPS,sh600519
2012-04-11,2011-12-31,0.73306,gr.yoyEPS,sh600519
2012-04-26,2012-03-31,0.58011,gr.yoyEPS,sh600519
2012-08-10,2012-06-30,0.424947,gr.yoyEPS,sh600519
2012-10-26,2012-09-30,0.586098,gr.yoyEPS,sh600519
2013-03-29,2012-12-31,0.518957,gr.yoyEPS,sh600519
2013-04-18,2013-03-31,0.20979,gr.yoyEPS,sh600519
2013-08-31,2013-06-30,0.035608,gr.yoyEPS,sh600519
2013-10-16,2013-09-30,0.061753,gr.yoyEPS,sh600519
2014-03-25,2013-12-31,0.137285,gr.yoyEPS,sh600519
2014-04-25,2014-03-31,0.028902,gr.yoyEPS,sh600519
2014-08-29,2014-06-30,-0.00315,gr.yoyEPS,sh600519
2014-10-30,2014-09-30,-0.034056,gr.yoyEPS,sh600519
2015-04-21,2014-12-31,0.01434,gr.yoyEPS,sh600519
2015-04-21,2015-03-31,0.179012,gr.yoyEPS,sh600519
2015-08-28,2015-06-30,0.091627,gr.yoyEPS,sh600519
2015-10-23,2015-09-30,0.068155,gr.yoyEPS,sh600519
2016-03-24,2015-12-31,0.00982,gr.yoyEPS,sh600519
2016-04-21,2016-03-31,0.121037,gr.yoyEPS,sh600519
2016-08-27,2016-06-30,0.116242,gr.yoyEPS,sh600519
2016-10-29,2016-09-30,0.091309,gr.yoyEPS,sh600519
2017-04-15,2016-12-31,0.078606,gr.yoyEPS,sh600519
2017-04-25,2017-03-31,0.251928,gr.yoyEPS,sh600519
2017-07-28,2017-06-30,0.278174,gr.yoyEPS,sh600519
2017-10-26,2017-09-30,0.603831,gr.yoyEPS,sh600519
2018-03-28,2017-12-31,0.619835,gr.yoyEPS,sh600519
2018-04-28,2018-03-31,0.390144,gr.yoyEPS,sh600519
2018-08-02,2018-06-30,0.40067,gr.yoyEPS,sh600519
2018-10-29,2018-09-30,0.237586,gr.yoyEPS,sh600519
2019-03-29,2018-12-31,0.299629,gr.yoyEPS,sh600519
2019-04-25,2019-03-31,0.319055,gr.yoyEPS,sh600519
2019-07-18,2019-06-30,0.265339,gr.yoyEPS,sh600519
2019-10-16,2019-09-30,0.231082,gr.yoyEPS,sh600519
2007-04-28,2007-03-31,0.23963,gr.yoyPNI,sh600519
2007-08-17,2007-06-30,0.480176,gr.yoyPNI,sh600519
2007-10-23,2007-09-30,0.576296,gr.yoyPNI,sh600519
2008-03-13,2007-12-31,0.832476,gr.yoyPNI,sh600519
2008-04-22,2008-03-31,0.629156,gr.yoyPNI,sh600519
2008-08-28,2008-06-30,1.635635,gr.yoyPNI,sh600519
2008-10-27,2008-09-30,0.977221,gr.yoyPNI,sh600519
2009-03-25,2008-12-31,0.342178,gr.yoyPNI,sh600519
2009-04-21,2009-03-31,0.393489,gr.yoyPNI,sh600519
2009-08-07,2009-06-30,0.245903,gr.yoyPNI,sh600519
2009-10-24,2009-09-30,0.20421,gr.yoyPNI,sh600519
2010-04-02,2009-12-31,0.135009,gr.yoyPNI,sh600519
2010-04-26,2010-03-31,0.039978,gr.yoyPNI,sh600519
2010-08-12,2010-06-30,0.110914,gr.yoyPNI,sh600519
2010-10-29,2010-09-30,0.102252,gr.yoyPNI,sh600519
2011-03-21,2010-12-31,0.171306,gr.yoyPNI,sh600519
2011-04-23,2011-03-31,0.488544,gr.yoyPNI,sh600519
2011-08-31,2011-06-30,0.583084,gr.yoyPNI,sh600519
2011-10-18,2011-09-30,0.573745,gr.yoyPNI,sh600519
2012-04-11,2011-12-31,0.734866,gr.yoyPNI,sh600519
2012-04-26,2012-03-31,0.576021,gr.yoyPNI,sh600519
2012-08-10,2012-06-30,0.42561,gr.yoyPNI,sh600519
2012-10-26,2012-09-30,0.586227,gr.yoyPNI,sh600519
2013-03-29,2012-12-31,0.518642,gr.yoyPNI,sh600519
2013-04-18,2013-03-31,0.210117,gr.yoyPNI,sh600519
2013-08-31,2013-06-30,0.036054,gr.yoyPNI,sh600519
2013-10-16,2013-09-30,0.062393,gr.yoyPNI,sh600519
2014-03-25,2013-12-31,0.137402,gr.yoyPNI,sh600519
2014-04-25,2014-03-31,0.029581,gr.yoyPNI,sh600519
2014-08-29,2014-06-30,-0.002496,gr.yoyPNI,sh600519
2014-10-30,2014-09-30,-0.034043,gr.yoyPNI,sh600519
2015-04-21,2014-12-31,0.014083,gr.yoyPNI,sh600519
2015-04-21,2015-03-31,0.179899,gr.yoyPNI,sh600519
2015-08-28,2015-06-30,0.091064,gr.yoyPNI,sh600519
2015-10-23,2015-09-30,0.068389,gr.yoyPNI,sh600519
2016-03-24,2015-12-31,0.009986,gr.yoyPNI,sh600519
2016-04-21,2016-03-31,0.120133,gr.yoyPNI,sh600519
2016-08-27,2016-06-30,0.11592,gr.yoyPNI,sh600519
2016-10-29,2016-09-30,0.091114,gr.yoyPNI,sh600519
2017-04-15,2016-12-31,0.078389,gr.yoyPNI,sh600519
2017-04-25,2017-03-31,0.252358,gr.yoyPNI,sh600519
2017-07-28,2017-06-30,0.278124,gr.yoyPNI,sh600519
2017-10-26,2017-09-30,0.603122,gr.yoyPNI,sh600519
2018-03-28,2017-12-31,0.619738,gr.yoyPNI,sh600519
2018-04-28,2018-03-31,0.389309,gr.yoyPNI,sh600519
2018-08-02,2018-06-30,0.401154,gr.yoyPNI,sh600519
2018-10-29,2018-09-30,0.237677,gr.yoyPNI,sh600519
2019-03-29,2018-12-31,0.300017,gr.yoyPNI,sh600519
2019-04-25,2019-03-31,0.319097,gr.yoyPNI,sh600519
2019-07-18,2019-06-30,0.265592,gr.yoyPNI,sh600519
2019-10-16,2019-09-30,0.231317,gr.yoyPNI,sh600519
2007-04-28,2007-03-31,1.761739,bal.currentRatio,sh600519
2007-08-17,2007-06-30,1.815071,bal.currentRatio,sh600519
2007-10-23,2007-09-30,2.192968,bal.currentRatio,sh600519
2008-03-13,2007-12-31,3.441942,bal.currentRatio,sh600519
2008-04-22,2008-03-31,3.61901,bal.currentRatio,sh600519
2008-08-28,2008-06-30,5.452145,bal.currentRatio,sh600519
2008-10-27,2008-09-30,4.238565,bal.currentRatio,sh600519
2009-03-25,2008-12-31,2.879655,bal.currentRatio,sh600519
2009-04-21,2009-03-31,3.955725,bal.currentRatio,sh600519
2009-08-07,2009-06-30,4.368181,bal.currentRatio,sh600519
2009-10-24,2009-09-30,5.112869,bal.currentRatio,sh600519
2010-04-02,2009-12-31,3.06488,bal.currentRatio,sh600519
2010-04-26,2010-03-31,3.663211,bal.currentRatio,sh600519
2010-08-12,2010-06-30,3.615587,bal.currentRatio,sh600519
2010-10-29,2010-09-30,3.5358,bal.currentRatio,sh600519
2011-03-21,2010-12-31,2.888409,bal.currentRatio,sh600519
2011-04-23,2011-03-31,2.758882,bal.currentRatio,sh600519
2011-08-31,2011-06-30,2.72236,bal.currentRatio,sh600519
2011-10-18,2011-09-30,2.756284,bal.currentRatio,sh600519
2012-04-11,2011-12-31,2.935392,bal.currentRatio,sh600519
2012-04-26,2012-03-31,3.719545,bal.currentRatio,sh600519
2012-08-10,2012-06-30,2.872225,bal.currentRatio,sh600519
2012-10-26,2012-09-30,4.612952,bal.currentRatio,sh600519
2013-03-29,2012-12-31,3.802598,bal.currentRatio,sh600519
2013-04-18,2013-03-31,5.056527,bal.currentRatio,sh600519
2013-08-31,2013-06-30,4.43299,bal.currentRatio,sh600519
2013-10-16,2013-09-30,4.222083,bal.currentRatio,sh600519
2014-03-25,2013-12-31,3.708368,bal.currentRatio,sh600519
2014-04-25,2014-03-31,4.725949,bal.currentRatio,sh600519
2014-08-29,2014-06-30,4.505308,bal.currentRatio,sh600519
2014-10-30,2014-09-30,5.06373,bal.currentRatio,sh600519
2015-04-21,2014-12-31,4.511725,bal.currentRatio,sh600519
2015-04-21,2015-03-31,5.719622,bal.currentRatio,sh600519
2015-08-28,2015-06-30,6.149086,bal.currentRatio,sh600519
2015-10-23,2015-09-30,3.667642,bal.currentRatio,sh600519
2016-03-24,2015-12-31,3.241842,bal.currentRatio,sh600519
2016-04-21,2016-03-31,3.502337,bal.currentRatio,sh600519
2016-08-27,2016-06-30,2.624533,bal.currentRatio,sh600519
2016-10-29,2016-09-30,2.467072,bal.currentRatio,sh600519
2017-04-15,2016-12-31,2.435967,bal.currentRatio,sh600519
2017-04-25,2017-03-31,2.626441,bal.currentRatio,sh600519
2017-07-28,2017-06-30,2.358076,bal.currentRatio,sh600519
2017-10-26,2017-09-30,2.661088,bal.currentRatio,sh600519
2018-03-28,2017-12-31,2.909901,bal.currentRatio,sh600519
2018-04-28,2018-03-31,3.822933,bal.currentRatio,sh600519
2018-08-02,2018-06-30,3.226219,bal.currentRatio,sh600519
2018-10-29,2018-09-30,3.046511,bal.currentRatio,sh600519
2019-03-29,2018-12-31,3.248533,bal.currentRatio,sh600519
2019-04-25,2019-03-31,4.510681,bal.currentRatio,sh600519
2019-07-18,2019-06-30,3.137208,bal.currentRatio,sh600519
2019-10-16,2019-09-30,4.417668,bal.currentRatio,sh600519
2007-04-28,2007-03-31,1.259019,bal.quickRatio,sh600519
2007-08-17,2007-06-30,1.28606,bal.quickRatio,sh600519
2007-10-23,2007-09-30,1.544838,bal.quickRatio,sh600519
2008-03-13,2007-12-31,2.350964,bal.quickRatio,sh600519
2008-04-22,2008-03-31,2.567351,bal.quickRatio,sh600519
2008-08-28,2008-06-30,3.733158,bal.quickRatio,sh600519
2008-10-27,2008-09-30,3.052691,bal.quickRatio,sh600519
2009-03-25,2008-12-31,2.146948,bal.quickRatio,sh600519
2009-04-21,2009-03-31,2.88408,bal.quickRatio,sh600519
2009-08-07,2009-06-30,3.203903,bal.quickRatio,sh600519
2009-10-24,2009-09-30,3.757386,bal.quickRatio,sh600519
2010-04-02,2009-12-31,2.244168,bal.quickRatio,sh600519
2010-04-26,2010-03-31,2.679755,bal.quickRatio,sh600519
2010-08-12,2010-06-30,2.63549,bal.quickRatio,sh600519
2010-10-29,2010-09-30,2.592282,bal.quickRatio,sh600519
2011-03-21,2010-12-31,2.095299,bal.quickRatio,sh600519
2011-04-23,2011-03-31,2.081641,bal.quickRatio,sh600519
2011-08-31,2011-06-30,2.090057,bal.quickRatio,sh600519
2011-10-18,2011-09-30,2.11976,bal.quickRatio,sh600519
2012-04-11,2011-12-31,2.177315,bal.quickRatio,sh600519
2012-04-26,2012-03-31,2.755322,bal.quickRatio,sh600519
2012-08-10,2012-06-30,2.183599,bal.quickRatio,sh600519
2012-10-26,2012-09-30,3.457387,bal.quickRatio,sh600519
2013-03-29,2012-12-31,2.787973,bal.quickRatio,sh600519
2013-04-18,2013-03-31,3.672863,bal.quickRatio,sh600519
2013-08-31,2013-06-30,3.111513,bal.quickRatio,sh600519
2013-10-16,2013-09-30,3.089628,bal.quickRatio,sh600519
2014-03-25,2013-12-31,2.661538,bal.quickRatio,sh600519
2014-04-25,2014-03-31,3.242281,bal.quickRatio,sh600519
2014-08-29,2014-06-30,2.961422,bal.quickRatio,sh600519
2014-10-30,2014-09-30,3.441176,bal.quickRatio,sh600519
2015-04-21,2014-12-31,3.090767,bal.quickRatio,sh600519
2015-04-21,2015-03-31,3.948958,bal.quickRatio,sh600519
2015-08-28,2015-06-30,4.268316,bal.quickRatio,sh600519
2015-10-23,2015-09-30,2.619074,bal.quickRatio,sh600519
2016-03-24,2015-12-31,2.3435,bal.quickRatio,sh600519
2016-04-21,2016-03-31,2.562935,bal.quickRatio,sh600519
2016-08-27,2016-06-30,1.969941,bal.quickRatio,sh600519
2016-10-29,2016-09-30,1.912147,bal.quickRatio,sh600519
2017-04-15,2016-12-31,1.878917,bal.quickRatio,sh600519
2017-04-25,2017-03-31,2.057805,bal.quickRatio,sh600519
2017-07-28,2017-06-30,1.853274,bal.quickRatio,sh600519
2017-10-26,2017-09-30,2.131147,bal.quickRatio,sh600519
2018-03-28,2017-12-31,2.338092,bal.quickRatio,sh600519
2018-04-28,2018-03-31,3.069632,bal.quickRatio,sh600519
2018-08-02,2018-06-30,2.564818,bal.quickRatio,sh600519
2018-10-29,2018-09-30,2.51296,bal.quickRatio,sh600519
2019-03-29,2018-12-31,2.694622,bal.quickRatio,sh600519
2019-04-25,2019-03-31,3.724676,bal.quickRatio,sh600519
2019-07-18,2019-06-30,2.608698,bal.quickRatio,sh600519
2019-10-16,2019-09-30,3.667797,bal.quickRatio,sh600519
2007-04-28,2007-03-31,1.165349,bal.cashRatio,sh600519
2007-08-17,2007-06-30,1.20021,bal.cashRatio,sh600519
2007-10-23,2007-09-30,1.466508,bal.cashRatio,sh600519
2008-03-13,2007-12-31,2.235478,bal.cashRatio,sh600519
2008-04-22,2008-03-31,2.450287,bal.cashRatio,sh600519
2008-08-28,2008-06-30,3.563846,bal.cashRatio,sh600519
2008-10-27,2008-09-30,2.933414,bal.cashRatio,sh600519
2009-03-25,2008-12-31,1.90406,bal.cashRatio,sh600519
2009-04-21,2009-03-31,2.547741,bal.cashRatio,sh600519
2009-08-07,2009-06-30,2.787429,bal.cashRatio,sh600519
2009-10-24,2009-09-30,3.1427,bal.cashRatio,sh600519
2010-04-02,2009-12-31,1.907408,bal.cashRatio,sh600519
2010-04-26,2010-03-31,2.255898,bal.cashRatio,sh600519
2010-08-12,2010-06-30,2.238876,bal.cashRatio,sh600519
2010-10-29,2010-09-30,2.171349,bal.cashRatio,sh600519
2011-03-21,2010-12-31,1.833814,bal.cashRatio,sh600519
2011-04-23,2011-03-31,1.857909,bal.cashRatio,sh600519
2011-08-31,2011-06-30,1.848259,bal.cashRatio,sh600519
2011-10-18,2011-09-30,1.867879,bal.cashRatio,sh600519
2012-04-11,2011-12-31,1.925454,bal.cashRatio,sh600519
2012-04-26,2012-03-31,2.398646,bal.cashRatio,sh600519
2012-08-10,2012-06-30,1.858626,bal.cashRatio,sh600519
2012-10-26,2012-09-30,2.738249,bal.cashRatio,sh600519
2013-03-29,2012-12-31,2.315879,bal.cashRatio,sh600519
2013-04-18,2013-03-31,2.981998,bal.cashRatio,sh600519
2013-08-31,2013-06-30,2.335807,bal.cashRatio,sh600519
2013-10-16,2013-09-30,2.332627,bal.cashRatio,sh600519
2014-03-25,2013-12-31,2.227325,bal.cashRatio,sh600519
2014-04-25,2014-03-31,2.729995,bal.cashRatio,sh600519
2014-08-29,2014-06-30,2.459728,bal.cashRatio,sh600519
2014-10-30,2014-09-30,2.748993,bal.cashRatio,sh600519
2015-04-21,2014-12-31,2.628142,bal.cashRatio,sh600519
2015-04-21,2015-03-31,3.221897,bal.cashRatio,sh600519
2015-08-28,2015-06-30,3.492242,bal.cashRatio,sh600519
2015-10-23,2015-09-30,1.954634,bal.cashRatio,sh600519
2016-03-24,2015-12-31,1.835291,bal.cashRatio,sh600519
2016-04-21,2016-03-31,2.218333,bal.cashRatio,sh600519
2016-08-27,2016-06-30,1.686722,bal.cashRatio,sh600519
2016-10-29,2016-09-30,1.831767,bal.cashRatio,sh600519
2017-04-15,2016-12-31,1.805894,bal.cashRatio,sh600519
2017-04-25,2017-03-31,1.991504,bal.cashRatio,sh600519
2017-07-28,2017-06-30,1.782769,bal.cashRatio,sh600519
2017-10-26,2017-09-30,2.055796,bal.cashRatio,sh600519
2018-03-28,2017-12-31,2.277876,bal.cashRatio,sh600519
2018-04-28,2018-03-31,2.982637,bal.cashRatio,sh600519
2018-08-02,2018-06-30,2.505186,bal.cashRatio,sh600519
2018-10-29,2018-09-30,2.458835,bal.cashRatio,sh600519
2019-03-29,2018-12-31,2.640895,bal.cashRatio,sh600519
2019-04-25,2019-03-31,3.654812,bal.cashRatio,sh600519
2019-07-18,2019-06-30,2.543244,bal.cashRatio,sh600519
2019-10-16,2019-09-30,3.558426,bal.cashRatio,sh600519
2007-04-28,2007-03-31,0.40421,bal.liabilityToAsset,sh600519
2007-08-17,2007-06-30,0.391859,bal.liabilityToAsset,sh600519
2007-10-23,2007-09-30,0.317955,bal.liabilityToAsset,sh600519
2008-03-13,2007-12-31,0.201557,bal.liabilityToAsset,sh600519
2008-04-22,2008-03-31,0.196501,bal.liabilityToAsset,sh600519
2008-08-28,2008-06-30,0.12606,bal.liabilityToAsset,sh600519
2008-10-27,2008-09-30,0.168017,bal.liabilityToAsset,sh600519
2009-03-25,2008-12-31,0.269818,bal.liabilityToAsset,sh600519
2009-04-21,2009-03-31,0.193114,bal.liabilityToAsset,sh600519
2009-08-07,2009-06-30,0.175712,bal.liabilityToAsset,sh600519
2009-10-24,2009-09-30,0.150691,bal.liabilityToAsset,sh600519
2010-04-02,2009-12-31,0.258885,bal.liabilityToAsset,sh600519
2010-04-26,2010-03-31,0.21704,bal.liabilityToAsset,sh600519
2010-08-12,2010-06-30,0.215461,bal.liabilityToAsset,sh600519
2010-10-29,2010-09-30,0.223071,bal.liabilityToAsset,sh600519
2011-03-21,2010-12-31,0.275063,bal.liabilityToAsset,sh600519
2011-04-23,2011-03-31,0.295628,bal.liabilityToAsset,sh600519
2011-08-31,2011-06-30,0.303207,bal.liabilityToAsset,sh600519
2011-10-18,2011-09-30,0.298243,bal.liabilityToAsset,sh600519
2012-04-11,2011-12-31,0.272128,bal.liabilityToAsset,sh600519
2012-04-26,2012-03-31,0.216355,bal.liabilityToAsset,sh600519
2012-08-10,2012-06-30,0.284721,bal.liabilityToAsset,sh600519
2012-10-26,2012-09-30,0.176216,bal.liabilityToAsset,sh600519
2013-03-29,2012-12-31,0.212101,bal.liabilityToAsset,sh600519
2013-04-18,2013-03-31,0.159177,bal.liabilityToAsset,sh600519
2013-08-31,2013-06-30,0.179768,bal.liabilityToAsset,sh600519
2013-10-16,2013-09-30,0.191866,bal.liabilityToAsset,sh600519
2014-03-25,2013-12-31,0.204224,bal.liabilityToAsset,sh600519
2014-04-25,2014-03-31,0.153063,bal.liabilityToAsset,sh600519
2014-08-29,2014-06-30,0.155636,bal.liabilityToAsset,sh600519
2014-10-30,2014-09-30,0.141688,bal.liabilityToAsset,sh600519
2015-04-21,2014-12-31,0.160333,bal.liabilityToAsset,sh600519
2015-04-21,2015-03-31,0.12853,bal.liabilityToAsset,sh600519
2015-08-28,2015-06-30,0.119937,bal.liabilityToAsset,sh600519
2015-10-23,2015-09-30,0.201655,bal.liabilityToAsset,sh600519
2016-03-24,2015-12-31,0.232526,bal.liabilityToAsset,sh600519
2016-04-21,2016-03-31,0.217765,bal.liabilityToAsset,sh600519
2016-08-27,2016-06-30,0.295075,bal.liabilityToAsset,sh600519
2016-10-29,2016-09-30,0.322052,bal.liabilityToAsset,sh600519
2017-04-15,2016-12-31,0.327942,bal.liabilityToAsset,sh600519
2017-04-25,2017-03-31,0.306986,bal.liabilityToAsset,sh600519
2017-07-28,2017-06-30,0.343234,bal.liabilityToAsset,sh600519
2017-10-26,2017-09-30,0.308336,bal.liabilityToAsset,sh600519
2018-03-28,2017-12-31,0.286683,bal.liabilityToAsset,sh600519
2018-04-28,2018-03-31,0.217665,bal.liabilityToAsset,sh600519
2018-08-02,2018-06-30,0.257171,bal.liabilityToAsset,sh600519
2018-10-29,2018-09-30,0.278568,bal.liabilityToAsset,sh600519
2019-03-29,2018-12-31,0.265493,bal.liabilityToAsset,sh600519
2019-04-25,2019-03-31,0.191172,bal.liabilityToAsset,sh600519
2019-07-18,2019-06-30,0.275644,bal.liabilityToAsset,sh600519
2019-10-16,2019-09-30,0.195191,bal.liabilityToAsset,sh600519
2007-04-28,2007-03-31,1.678443,bal.assetToEquity,sh600519
2007-08-17,2007-06-30,1.644357,bal.assetToEquity,sh600519
2007-10-23,2007-09-30,1.466179,bal.assetToEquity,sh600519
2008-03-13,2007-12-31,1.252438,bal.assetToEquity,sh600519
2008-04-22,2008-03-31,1.244556,bal.assetToEquity,sh600519
2008-08-28,2008-06-30,1.144243,bal.assetToEquity,sh600519
2008-10-27,2008-09-30,1.201947,bal.assetToEquity,sh600519
2009-03-25,2008-12-31,1.369522,bal.assetToEquity,sh600519
2009-04-21,2009-03-31,1.239332,bal.assetToEquity,sh600519
2009-08-07,2009-06-30,1.213168,bal.assetToEquity,sh600519
2009-10-24,2009-09-30,1.177428,bal.assetToEquity,sh600519
2010-04-02,2009-12-31,1.349318,bal.assetToEquity,sh600519
2010-04-26,2010-03-31,1.277205,bal.assetToEquity,sh600519
2010-08-12,2010-06-30,1.274634,bal.assetToEquity,sh600519
2010-10-29,2010-09-30,1.287119,bal.assetToEquity,sh600519
2011-03-21,2010-12-31,1.37943,bal.assetToEquity,sh600519
2011-04-23,2011-03-31,1.419705,bal.assetToEquity,sh600519
2011-08-31,2011-06-30,1.435146,bal.assetToEquity,sh600519
2011-10-18,2011-09-30,1.424995,bal.assetToEquity,sh600519
2012-04-11,2011-12-31,1.373867,bal.assetToEquity,sh600519
2012-04-26,2012-03-31,1.276088,bal.assetToEquity,sh600519
2012-08-10,2012-06-30,1.398055,bal.assetToEquity,sh600519
2012-10-26,2012-09-30,1.21391,bal.assetToEquity,sh600519
2013-03-29,2012-12-31,1.269198,bal.assetToEquity,sh600519
2013-04-18,2013-03-31,1.189311,bal.assetToEquity,sh600519
2013-08-31,2013-06-30,1.219167,bal.assetToEquity,sh600519
2013-10-16,2013-09-30,1.237418,bal.assetToEquity,sh600519
2014-03-25,2013-12-31,1.256635,bal.assetToEquity,sh600519
2014-04-25,2014-03-31,1.180725,bal.assetToEquity,sh600519
2014-08-29,2014-06-30,1.184324,bal.assetToEquity,sh600519
2014-10-30,2014-09-30,1.165078,bal.assetToEquity,sh600519
2015-04-21,2014-12-31,1.190948,bal.assetToEquity,sh600519
2015-04-21,2015-03-31,1.147486,bal.assetToEquity,sh600519
2015-08-28,2015-06-30,1.136282,bal.assetToEquity,sh600519
2015-10-23,2015-09-30,1.252592,bal.assetToEquity,sh600519
2016-03-24,2015-12-31,1.302975,bal.assetToEquity,sh600519
2016-04-21,2016-03-31,1.278388,bal.assetToEquity,sh600519
2016-08-27,2016-06-30,1.41859,bal.assetToEquity,sh600519
2016-10-29,2016-09-30,1.47504,bal.assetToEquity,sh600519
2017-04-15,2016-12-31,1.487967,bal.assetToEquity,sh600519
2017-04-25,2017-03-31,1.442973,bal.assetToEquity,sh600519
2017-07-28,2017-06-30,1.522613,bal.assetToEquity,sh600519
2017-10-26,2017-09-30,1.445789,bal.assetToEquity,sh600519
2018-03-28,2017-12-31,1.401902,bal.assetToEquity,sh600519
2018-04-28,2018-03-31,1.278225,bal.assetToEquity,sh600519
2018-08-02,2018-06-30,1.346205,bal.assetToEquity,sh600519
2018-10-29,2018-09-30,1.386132,bal.assetToEquity,sh600519
2019-03-29,2018-12-31,1.361458,bal.assetToEquity,sh600519
2019-04-25,2019-03-31,1.236357,bal.assetToEquity,sh600519
2019-07-18,2019-06-30,1.380538,bal.assetToEquity,sh600519
2019-10-16,2019-09-30,1.242531,bal.assetToEquity,sh600519
2007-04-28,2007-03-31,0.090219,dup.roe,sh600519
2007-08-17,2007-06-30,0.13933,dup.roe,sh600519
2007-10-23,2007-09-30,0.245863,dup.roe,sh600519
2008-03-13,2007-12-31,0.395989,dup.roe,sh600519
2008-04-22,2008-03-31,0.100724,dup.roe,sh600519
2008-08-28,2008-06-30,0.249968,dup.roe,sh600519
2008-10-27,2008-09-30,0.33412,dup.roe,sh600519
2009-03-25,2008-12-31,0.390117,dup.roe,sh600519
2009-04-21,2009-03-31,0.102675,dup.roe,sh600519
2009-08-07,2009-06-30,0.230712,dup.roe,sh600519
2009-10-24,2009-09-30,0.30073,dup.roe,sh600519
2010-04-02,2009-12-31,0.335461,dup.roe,sh600519
2010-04-26,2010-03-31,0.083825,dup.roe,sh600519
2010-08-12,2010-06-30,0.200545,dup.roe,sh600519
2010-10-29,2010-09-30,0.260986,dup.roe,sh600519
2011-03-21,2010-12-31,0.307393,dup.roe,sh600519
2011-04-23,2011-03-31,0.097411,dup.roe,sh600519
2011-08-31,2011-06-30,0.248251,dup.roe,sh600519
2011-10-18,2011-09-30,0.318919,dup.roe,sh600519
2012-04-11,2011-12-31,0.403925,dup.roe,sh600519
2012-04-26,2012-03-31,0.112148,dup.roe,sh600519
2012-08-10,2012-06-30,0.264847,dup.roe,sh600519
2012-10-26,2012-09-30,0.370487,dup.roe,sh600519
2013-03-29,2012-12-31,0.450047,dup.roe,sh600519
2013-04-18,2013-03-31,0.099958,dup.roe,sh600519
2013-08-31,2013-06-30,0.210442,dup.roe,sh600519
2013-10-16,2013-09-30,0.304543,dup.roe,sh600519
2014-03-25,2013-12-31,0.394328,dup.roe,sh600519
2014-04-25,2014-03-31,0.083217,dup.roe,sh600519
2014-08-29,2014-06-30,0.164503,dup.roe,sh600519
2014-10-30,2014-09-30,0.234085,dup.roe,sh600519
2015-04-21,2014-12-31,0.319612,dup.roe,sh600519
2015-04-21,2015-03-31,0.078494,dup.roe,sh600519
2015-08-28,2015-06-30,0.137504,dup.roe,sh600519
2015-10-23,2015-09-30,0.201709,dup.roe,sh600519
2016-03-24,2015-12-31,0.264205,dup.roe,sh600519
2016-04-21,2016-03-31,0.073664,dup.roe,sh600519
2016-08-27,2016-06-30,0.136576,dup.roe,sh600519
2016-10-29,2016-09-30,0.188062,dup.roe,sh600519
2017-04-15,2016-12-31,0.244385,dup.roe,sh600519
2017-04-25,2017-03-31,0.080614,dup.roe,sh600519
2017-07-28,2017-06-30,0.15151,dup.roe,sh600519
2017-10-26,2017-09-30,0.254166,dup.roe,sh600519
2018-03-28,2017-12-31,0.329542,dup.roe,sh600519
2018-04-28,2018-03-31,0.088887,dup.roe,sh600519
2018-08-02,2018-06-30,0.170563,dup.roe,sh600519
2018-10-29,2018-09-30,0.25522,dup.roe,sh600519
2019-03-29,2018-12-31,0.344644,dup.roe,sh600519
2019-04-25,2019-03-31,0.094737,dup.roe,sh600519
2019-07-18,2019-06-30,0.175322,dup.roe,sh600519
2019-10-16,2019-09-30,0.255819,dup.roe,sh600519
2007-04-28,2007-03-31,0.163209,dup.assetTurn,sh600519
2007-08-17,2007-06-30,0.265595,dup.assetTurn,sh600519
2007-10-23,2007-09-30,0.451139,dup.assetTurn,sh600519
2008-03-13,2007-12-31,0.721857,dup.assetTurn,sh600519
2008-04-22,2008-03-31,0.180912,dup.assetTurn,sh600519
2008-08-28,2008-06-30,0.424654,dup.assetTurn,sh600519
2008-10-27,2008-09-30,0.552728,dup.assetTurn,sh600519
2009-03-25,2008-12-31,0.628281,dup.assetTurn,sh600519
2009-04-21,2009-03-31,0.160138,dup.assetTurn,sh600519
2009-08-07,2009-06-30,0.349598,dup.assetTurn,sh600519
2009-10-24,2009-09-30,0.48056,dup.assetTurn,sh600519
2010-04-02,2009-12-31,0.544424,dup.assetTurn,sh600519
2010-04-26,2010-03-31,0.15124,dup.assetTurn,sh600519
2010-08-12,2010-06-30,0.320521,dup.assetTurn,sh600519
2010-10-29,2010-09-30,0.438124,dup.assetTurn,sh600519
2011-03-21,2010-12-31,0.512963,dup.assetTurn,sh600519
2011-04-23,2011-03-31,0.154179,dup.assetTurn,sh600519
2011-08-31,2011-06-30,0.347769,dup.assetTurn,sh600519
2011-10-18,2011-09-30,0.466541,dup.assetTurn,sh600519
2012-04-11,2011-12-31,0.608458,dup.assetTurn,sh600519
2012-04-26,2012-03-31,0.168731,dup.assetTurn,sh600519
2012-08-10,2012-06-30,0.355556,dup.assetTurn,sh600519
2012-10-26,2012-09-30,0.540618,dup.assetTurn,sh600519
2013-03-29,2012-12-31,0.662219,dup.assetTurn,sh600519
2013-04-18,2013-03-31,0.157662,dup.assetTurn,sh600519
2013-08-31,2013-06-30,0.319061,dup.assetTurn,sh600519
2013-10-16,2013-09-30,0.466782,dup.assetTurn,sh600519
2014-03-25,2013-12-31,0.618614,dup.assetTurn,sh600519
2014-04-25,2014-03-31,0.136015,dup.assetTurn,sh600519
2014-08-29,2014-06-30,0.264125,dup.assetTurn,sh600519
2014-10-30,2014-09-30,0.388644,dup.assetTurn,sh600519
2015-04-21,2014-12-31,0.531079,dup.assetTurn,sh600519
2015-04-21,2015-03-31,0.130128,dup.assetTurn,sh600519
2015-08-28,2015-06-30,0.234217,dup.assetTurn,sh600519
2015-10-23,2015-09-30,0.330948,dup.assetTurn,sh600519
2016-03-24,2015-12-31,0.439585,dup.assetTurn,sh600519
2016-04-21,2016-03-31,0.115834,dup.assetTurn,sh600519
2016-08-27,2016-06-30,0.20608,dup.assetTurn,sh600519
2016-10-29,2016-09-30,0.287627,dup.assetTurn,sh600519
2017-04-15,2016-12-31,0.403091,dup.assetTurn,sh600519
2017-04-25,2017-03-31,0.119988,dup.assetTurn,sh600519
2017-07-28,2017-06-30,0.218534,dup.assetTurn,sh600519
2017-10-26,2017-09-30,0.369628,dup.assetTurn,sh600519
2018-03-28,2017-12-31,0.493347,dup.assetTurn,sh600519
2018-04-28,2018-03-31,0.13676,dup.assetTurn,sh600519
2018-08-02,2018-06-30,0.266527,dup.assetTurn,sh600519
2018-10-29,2018-09-30,0.390188,dup.assetTurn,sh600519
2019-03-29,2018-12-31,0.524351,dup.assetTurn,sh600519
2019-04-25,2019-03-31,0.14062,dup.assetTurn,sh600519
2019-07-18,2019-06-30,0.253395,dup.assetTurn,sh600519
2019-10-16,2019-09-30,0.393978,dup.assetTurn,sh600519
2007-04-28,2007-03-31,1.637005,dup.leverage,sh600519
2007-08-17,2007-06-30,1.623128,dup.leverage,sh600519
2007-10-23,2007-09-30,1.527662,dup.leverage,sh600519
2008-03-13,2007-12-31,1.402499,dup.leverage,sh600519
2008-04-22,2008-03-31,1.270837,dup.leverage,sh600519
2008-08-28,2008-06-30,1.214232,dup.leverage,sh600519
2008-10-27,2008-09-30,1.246855,dup.leverage,sh600519
2009-03-25,2008-12-31,1.346891,dup.leverage,sh600519
2009-04-21,2009-03-31,1.323694,dup.leverage,sh600519
2009-08-07,2009-06-30,1.311701,dup.leverage,sh600519
2009-10-24,2009-09-30,1.290135,dup.leverage,sh600519
2010-04-02,2009-12-31,1.381682,dup.leverage,sh600519
2010-04-26,2010-03-31,1.331221,dup.leverage,sh600519
2010-08-12,2010-06-30,1.329636,dup.leverage,sh600519
2010-10-29,2010-09-30,1.331124,dup.leverage,sh600519
2011-03-21,2010-12-31,1.380117,dup.leverage,sh600519
2011-04-23,2011-03-31,1.415385,dup.leverage,sh600519
2011-08-31,2011-06-30,1.429346,dup.leverage,sh600519
2011-10-18,2011-09-30,1.419604,dup.leverage,sh600519
2012-04-11,2011-12-31,1.394066,dup.leverage,sh600519
2012-04-26,2012-03-31,1.346673,dup.leverage,sh600519
2012-08-10,2012-06-30,1.41235,dup.leverage,sh600519
2012-10-26,2012-09-30,1.310845,dup.leverage,sh600519
2013-03-29,2012-12-31,1.350997,dup.leverage,sh600519
2013-04-18,2013-03-31,1.264395,dup.leverage,sh600519
2013-08-31,2013-06-30,1.28651,dup.leverage,sh600519
2013-10-16,2013-09-30,1.296728,dup.leverage,sh600519
2014-03-25,2013-12-31,1.308453,dup.leverage,sh600519
2014-04-25,2014-03-31,1.253897,dup.leverage,sh600519
2014-08-29,2014-06-30,1.25908,dup.leverage,sh600519
2014-10-30,2014-09-30,1.24893,dup.leverage,sh600519
2015-04-21,2014-12-31,1.263134,dup.leverage,sh600519
2015-04-21,2015-03-31,1.210637,dup.leverage,sh600519
2015-08-28,2015-06-30,1.204612,dup.leverage,sh600519
2015-10-23,2015-09-30,1.266191,dup.leverage,sh600519
2016-03-24,2015-12-31,1.296688,dup.leverage,sh600519
2016-04-21,2016-03-31,1.333325,dup.leverage,sh600519
2016-08-27,2016-06-30,1.410714,dup.leverage,sh600519
2016-10-29,2016-09-30,1.444138,dup.leverage,sh600519
2017-04-15,2016-12-31,1.456189,dup.leverage,sh600519
2017-04-25,2017-03-31,1.52663,dup.leverage,sh600519
2017-07-28,2017-06-30,1.570983,dup.leverage,sh600519
2017-10-26,2017-09-30,1.530773,dup.leverage,sh600519
2018-03-28,2017-12-31,1.506244,dup.leverage,sh600519
2018-04-28,2018-03-31,1.405443,dup.leverage,sh600519
2018-08-02,2018-06-30,1.431031,dup.leverage,sh600519
2018-10-29,2018-09-30,1.4537,dup.leverage,sh600519
2019-03-29,2018-12-31,1.441366,dup.leverage,sh600519
2019-04-25,2019-03-31,1.349682,dup.leverage,sh600519
2019-07-18,2019-06-30,1.427846,dup.leverage,sh600519
2019-10-16,2019-09-30,1.354059,dup.leverage,sh600519
2007-04-28,2007-03-31,0.642257,dup.taxBurden,sh600519
2007-08-17,2007-06-30,0.656803,dup.taxBurden,sh600519
2007-10-23,2007-09-30,0.665547,dup.taxBurden,sh600519
2008-03-13,2007-12-31,0.655912,dup.taxBurden,sh600519
2008-04-22,2008-03-31,0.750107,dup.taxBurden,sh600519
2008-08-28,2008-06-30,0.750094,dup.taxBurden,sh600519
2008-10-27,2008-09-30,0.750291,dup.taxBurden,sh600519
2009-03-25,2008-12-31,0.742904,dup.taxBurden,sh600519
2009-04-21,2009-03-31,0.750034,dup.taxBurden,sh600519
2009-08-07,2009-06-30,0.74987,dup.taxBurden,sh600519
2009-10-24,2009-09-30,0.750145,dup.taxBurden,sh600519
2010-04-02,2009-12-31,0.748764,dup.taxBurden,sh600519
2010-04-26,2010-03-31,0.749887,dup.taxBurden,sh600519
2010-08-12,2010-06-30,0.748041,dup.taxBurden,sh600519
2010-10-29,2010-09-30,0.748179,dup.taxBurden,sh600519
2011-03-21,2010-12-31,0.745525,dup.taxBurden,sh600519
2011-04-23,2011-03-31,0.750268,dup.taxBurden,sh600519
2011-08-31,2011-06-30,0.750116,dup.taxBurden,sh600519
2011-10-18,2011-09-30,0.74688,dup.taxBurden,sh600519
2012-04-11,2011-12-31,0.749946,dup.taxBurden,sh600519
2012-04-26,2012-03-31,0.749591,dup.taxBurden,sh600519
2012-08-10,2012-06-30,0.749878,dup.taxBurden,sh600519
2012-10-26,2012-09-30,0.749934,dup.taxBurden,sh600519
2013-03-29,2012-12-31,0.749095,dup.taxBurden,sh600519
2013-04-18,2013-03-31,0.737289,dup.taxBurden,sh600519
2013-08-31,2013-06-30,0.752653,dup.taxBurden,sh600519
2013-10-16,2013-09-30,0.74436,dup.taxBurden,sh600519
2014-03-25,2013-12-31,0.744897,dup.taxBurden,sh600519
2014-04-25,2014-03-31,0.744103,dup.taxBurden,sh600519
2014-08-29,2014-06-30,0.749722,dup.taxBurden,sh600519
2014-10-30,2014-09-30,0.749426,dup.taxBurden,sh600519
2015-04-21,2014-12-31,0.743493,dup.taxBurden,sh600519
2015-04-21,2015-03-31,0.746261,dup.taxBurden,sh600519
2015-08-28,2015-06-30,0.750219,dup.taxBurden,sh600519
2015-10-23,2015-09-30,0.750317,dup.taxBurden,sh600519
2016-03-24,2015-12-31,0.747896,dup.taxBurden,sh600519
2016-04-21,2016-03-31,0.723223,dup.taxBurden,sh600519
2016-08-27,2016-06-30,0.734586,dup.taxBurden,sh600519
2016-10-29,2016-09-30,0.739007,dup.taxBurden,sh600519
2017-04-15,2016-12-31,0.748424,dup.taxBurden,sh600519
2017-04-25,2017-03-31,0.74755,dup.taxBurden,sh600519
2017-07-28,2017-06-30,0.748868,dup.taxBurden,sh600519
2017-10-26,2017-09-30,0.749714,dup.taxBurden,sh600519
2018-03-28,2017-12-31,0.748745,dup.taxBurden,sh600519
2018-04-28,2018-03-31,0.750093,dup.taxBurden,sh600519
2018-08-02,2018-06-30,0.744779,dup.taxBurden,sh600519
2018-10-29,2018-09-30,0.746862,dup.taxBurden,sh600519
2019-03-29,2018-12-31,0.744273,dup.taxBurden,sh600519
2019-04-25,2019-03-31,0.74995,dup.taxBurden,sh600519
2019-07-18,2019-06-30,0.749255,dup.taxBurden,sh600519
2019-10-16,2019-09-30,0.750182,dup.taxBurden,sh600519
2007-04-28,2007-03-31,1.031569,dup.intBurden,sh600519
2007-08-17,2007-06-30,1.024822,dup.intBurden,sh600519
2007-10-23,2007-09-30,1.015449,dup.intBurden,sh600519
2008-03-13,2007-12-31,1.009994,dup.intBurden,sh600519
2008-04-22,2008-03-31,1.033546,dup.intBurden,sh600519
2008-08-28,2008-06-30,1.014929,dup.intBurden,sh600519
2008-10-27,2008-09-30,1.014322,dup.intBurden,sh600519
2009-03-25,2008-12-31,1.019403,dup.intBurden,sh600519
2009-04-21,2009-03-31,1.050074,dup.intBurden,sh600519
2009-08-07,2009-06-30,1.022992,dup.intBurden,sh600519
2009-10-24,2009-09-30,1.01734,dup.intBurden,sh600519
2010-04-02,2009-12-31,1.022472,dup.intBurden,sh600519
2010-04-26,2010-03-31,1.02648,dup.intBurden,sh600519
2010-08-12,2010-06-30,1.023324,dup.intBurden,sh600519
2010-10-29,2010-09-30,1.023849,dup.intBurden,sh600519
2011-03-21,2010-12-31,1.025318,dup.intBurden,sh600519
2011-04-23,2011-03-31,1.020562,dup.intBurden,sh600519
2011-08-31,2011-06-30,1.022288,dup.intBurden,sh600519
2011-10-18,2011-09-30,1.024037,dup.intBurden,sh600519
2012-04-11,2011-12-31,1.029395,dup.intBurden,sh600519
2012-04-26,2012-03-31,1.023867,dup.intBurden,sh600519
2012-08-10,2012-06-30,1.019534,dup.intBurden,sh600519
2012-10-26,2012-09-30,1.02082,dup.intBurden,sh600519
2013-03-29,2012-12-31,1.023064,dup.intBurden,sh600519
2013-04-18,2013-03-31,1.022888,dup.intBurden,sh600519
2013-08-31,2013-06-30,1.024214,dup.intBurden,sh600519
2013-10-16,2013-09-30,1.022438,dup.intBurden,sh600519
2014-03-25,2013-12-31,1.02045,dup.intBurden,sh600519
2014-04-25,2014-03-31,1.004562,dup.intBurden,sh600519
2014-08-29,2014-06-30,1.005317,dup.intBurden,sh600519
2014-10-30,2014-09-30,1.006349,dup.intBurden,sh600519
2015-04-21,2014-12-31,1.005699,dup.intBurden,sh600519
2015-04-21,2015-03-31,1.001045,dup.intBurden,sh600519
2015-08-28,2015-06-30,1.001749,dup.intBurden,sh600519
2015-10-23,2015-09-30,1.003236,dup.intBurden,sh600519
2016-03-24,2015-12-31,1.003141,dup.intBurden,sh600519
2016-04-21,2016-03-31,1.000421,dup.intBurden,sh600519
2016-08-27,2016-06-30,1.000998,dup.intBurden,sh600519
2016-10-29,2016-09-30,1.000072,dup.intBurden,sh600519
2017-04-15,2016-12-31,1.00142,dup.intBurden,sh600519
2017-04-25,2017-03-31,1.00338,dup.intBurden,sh600519
2017-07-28,2017-06-30,1.002465,dup.intBurden,sh600519
2017-10-26,2017-09-30,1.00138,dup.intBurden,sh600519
2018-03-28,2017-12-31,1.001546,dup.intBurden,sh600519
2018-04-28,2018-03-31,1.000284,dup.intBurden,sh600519
2018-08-02,2018-06-30,1.000287,dup.intBurden,sh600519
2018-10-29,2018-09-30,1.000123,dup.intBurden,sh600519
2019-03-29,2018-12-31,1.000284,dup.intBurden,sh600519
2019-04-25,2019-03-31,1.000021,dup.intBurden,sh600519
2019-07-18,2019-06-30,1.000257,dup.intBurden,sh600519
2019-10-16,2019-09-30,1.000013,dup.intBurden,sh600519
2008-03-01,2007-12-31,34.79,ex.roeWa,sh600519
2012-03-23,2011-12-31,40.39,ex.roeWa,sh600519
2019-07-13,2019-06-30,0.0,ex.roeWa,sh600519
2008-03-01,2007-12-31,3.05,ex.eps,sh600519
2012-03-23,2011-12-31,8.44,ex.eps,sh600519
2019-07-13,2019-06-30,0.0,ex.eps,sh600519
2004-03-12,2003-12-31,50.0,fc.rangeUp,sh600519
2012-03-23,2011-12-31,73.49,fc.rangeUp,sh600519
2013-01-25,2012-12-31,50.0,fc.rangeUp,sh600519
2018-01-31,2017-12-31,58.0,fc.rangeUp,sh600519
2020-01-02,2019-12-31,15.0,fc.rangeUp,sh600519
2004-03-12,2003-12-31,0.0,fc.rangeDown,sh600519
2012-03-23,2011-12-31,73.49,fc.rangeDown,sh600519
2013-01-25,2012-12-31,50.0,fc.rangeDown,sh600519
2018-01-31,2017-12-31,58.0,fc.rangeDown,sh600519
2020-01-02,2019-12-31,15.0,fc.rangeDown,sh600519
2004-03-12,2003-12-31,25.0,fc.rangeMid,sh600519
2012-03-23,2011-12-31,73.49,fc.rangeMid,sh600519
2013-01-25,2012-12-31,50.0,fc.rangeMid,sh600519
2018-01-31,2017-12-31,58.0,fc.rangeMid,sh600519
2020-01-02,2019-12-31,15.0,fc.rangeMid,sh600519
